RPM_CellTagged_BCs,RPM_Clone_ID,CellTag_Clone,,RPMA_CellTagged_BCs,RPMA_Clone_ID,CellTag_Clone,,,,
AAGCCATTCTAGCCAA-1,RPM_clone_1,CellTag_Clone,,AAAGAACCAGCATTGT-1,RPMA_clone_1,CellTag_Clone,,,,
AATGCCAAGTGGACGT-1,RPM_clone_1,CellTag_Clone,,AAAGGATAGGACGCTA-1,RPMA_clone_1,CellTag_Clone,,,,
ACAGAAAGTTCTCCTG-1,RPM_clone_1,CellTag_Clone,,AACAACCAGATGCGAC-1,RPMA_clone_1,CellTag_Clone,,,,
ACATTTCTCGCACGAC-1,RPM_clone_1,CellTag_Clone,,AACGAAACAGGATGAC-1,RPMA_clone_1,CellTag_Clone,,,,
ACGATGTTCTGGGCAC-1,RPM_clone_1,CellTag_Clone,,AACGAAAGTCTAATCG-1,RPMA_clone_1,CellTag_Clone,,,,
ACGGAAGTCCTACCAC-1,RPM_clone_1,CellTag_Clone,,AACTTCTCATGCCGGT-1,RPMA_clone_1,CellTag_Clone,,,,
AGAAGCGCAGGTGACA-1,RPM_clone_1,CellTag_Clone,,AAGCGTTAGAATAACC-1,RPMA_clone_1,CellTag_Clone,,,,
AGAAGTAAGTCGAAGC-1,RPM_clone_1,CellTag_Clone,,AATCGACTCACGGACC-1,RPMA_clone_1,CellTag_Clone,,,,
AGCGTATAGATGTTAG-1,RPM_clone_1,CellTag_Clone,,ACAGGGAGTGAGAGGG-1,RPMA_clone_1,CellTag_Clone,,,,
AGCTCAAAGCCATTTG-1,RPM_clone_1,CellTag_Clone,,ACATTTCCAGCAGATG-1,RPMA_clone_1,CellTag_Clone,,,,
AGGAAATAGCGTACAG-1,RPM_clone_1,CellTag_Clone,,ACGATCACATGACGAG-1,RPMA_clone_1,CellTag_Clone,,,,
AGGACGATCGGTGTAT-1,RPM_clone_1,CellTag_Clone,,ACGGGTCAGATACGAT-1,RPMA_clone_1,CellTag_Clone,,,,
AGGCTGCAGCCATGCC-1,RPM_clone_1,CellTag_Clone,,ACGTCCTAGTCATCCA-1,RPMA_clone_1,CellTag_Clone,,,,
AGGGCCTTCATTTACC-1,RPM_clone_1,CellTag_Clone,,ACGTTCCCAAGAGTTA-1,RPMA_clone_1,CellTag_Clone,,,,
AGGGTTTCAGCTCCTT-1,RPM_clone_1,CellTag_Clone,,ACTACGAGTTCAACGT-1,RPMA_clone_1,CellTag_Clone,,,,
AGGTTACTCGTACCTC-1,RPM_clone_1,CellTag_Clone,,ACTATCTGTGCCGTAC-1,RPMA_clone_1,CellTag_Clone,,,,
AGTTCCCTCGCCTTGT-1,RPM_clone_1,CellTag_Clone,,ACTTCGCTCAAGCGTT-1,RPMA_clone_1,CellTag_Clone,,,,
ATCATTCAGGCCCACT-1,RPM_clone_1,CellTag_Clone,,AGAAGCGGTGATAGAT-1,RPMA_clone_1,CellTag_Clone,,,,
ATTATCCAGAATCGCG-1,RPM_clone_1,CellTag_Clone,,AGAGCAGCACGACGTC-1,RPMA_clone_1,CellTag_Clone,,,,
ATTCATCGTAACGCGA-1,RPM_clone_1,CellTag_Clone,,AGATGCTCAGATACTC-1,RPMA_clone_1,CellTag_Clone,,,,
CAACGATAGGGCTAAC-1,RPM_clone_1,CellTag_Clone,,AGATGCTTCTCCTACG-1,RPMA_clone_1,CellTag_Clone,,,,
CACCAAATCATCGTAG-1,RPM_clone_1,CellTag_Clone,,AGCGTATCATTGTGCA-1,RPMA_clone_1,CellTag_Clone,,,,
CATACAGCACATTCGA-1,RPM_clone_1,CellTag_Clone,,AGCTACATCTCTGCCA-1,RPMA_clone_1,CellTag_Clone,,,,
CATCGGGCATTCTTCA-1,RPM_clone_1,CellTag_Clone,,AGTGACTAGTCACACT-1,RPMA_clone_1,CellTag_Clone,,,,
CATCGGGTCGTCCTTG-1,RPM_clone_1,CellTag_Clone,,AGTGATCTCCCGATCT-1,RPMA_clone_1,CellTag_Clone,,,,
CCCTAACAGGCATCGA-1,RPM_clone_1,CellTag_Clone,,ATCCACCGTACAGGTG-1,RPMA_clone_1,CellTag_Clone,,,,
CCTCCAAAGGTCACAG-1,RPM_clone_1,CellTag_Clone,,ATCGTAGCAACGCCCA-1,RPMA_clone_1,CellTag_Clone,,,,
CGATCGGCAAATGCTC-1,RPM_clone_1,CellTag_Clone,,ATGAAAGGTGACCGAA-1,RPMA_clone_1,CellTag_Clone,,,,
CGTGCTTGTGCATCTA-1,RPM_clone_1,CellTag_Clone,,ATGATCGTCCTCACTG-1,RPMA_clone_1,CellTag_Clone,,,,
CTACCCAGTGTAGGAC-1,RPM_clone_1,CellTag_Clone,,ATGGGTTCAACTGCTA-1,RPMA_clone_1,CellTag_Clone,,,,
CTCCTCCGTTATAGCC-1,RPM_clone_1,CellTag_Clone,,ATTACCTGTGAGATCG-1,RPMA_clone_1,CellTag_Clone,,,,
CTCGAGGGTCCCAAAT-1,RPM_clone_1,CellTag_Clone,,ATTCTACTCGCCGTGA-1,RPMA_clone_1,CellTag_Clone,,,,
CTGATCCGTTTACTTC-1,RPM_clone_1,CellTag_Clone,,ATTTCACCAGCTACCG-1,RPMA_clone_1,CellTag_Clone,,,,
CTGCATCGTAATGCTC-1,RPM_clone_1,CellTag_Clone,,ATTTCTGGTTTGGCTA-1,RPMA_clone_1,CellTag_Clone,,,,
CTGCCATCAGCATACT-1,RPM_clone_1,CellTag_Clone,,CAAAGAAGTGCTCGTG-1,RPMA_clone_1,CellTag_Clone,,,,
CTTAGGATCCTTGGAA-1,RPM_clone_1,CellTag_Clone,,CAACAACGTATCAGGG-1,RPMA_clone_1,CellTag_Clone,,,,
CTTCGGTGTAACAAGT-1,RPM_clone_1,CellTag_Clone,,CACAACACAAATCAGA-1,RPMA_clone_1,CellTag_Clone,,,,
GACCGTGCAGCCTTCT-1,RPM_clone_1,CellTag_Clone,,CACAGGCTCTATCCAT-1,RPMA_clone_1,CellTag_Clone,,,,
GACTTCCTCTTAGGAC-1,RPM_clone_1,CellTag_Clone,,CACATGAGTTGGGCCT-1,RPMA_clone_1,CellTag_Clone,,,,
GAGAAATGTTGGCCGT-1,RPM_clone_1,CellTag_Clone,,CACGAATTCACCTACC-1,RPMA_clone_1,CellTag_Clone,,,,
GAGTGAGTCCCGAACG-1,RPM_clone_1,CellTag_Clone,,CACTAAGTCATCACTT-1,RPMA_clone_1,CellTag_Clone,,,,
GATCGTACAATGGGTG-1,RPM_clone_1,CellTag_Clone,,CACTGGGTCAAACCTG-1,RPMA_clone_1,CellTag_Clone,,,,
GCACTAAAGATTGTGA-1,RPM_clone_1,CellTag_Clone,,CAGATCAGTGCATCTA-1,RPMA_clone_1,CellTag_Clone,,,,
GCAGCTGCAGGGTTGA-1,RPM_clone_1,CellTag_Clone,,CAGCGTGTCGACCACG-1,RPMA_clone_1,CellTag_Clone,,,,
GCAGGCTGTTCAGTAC-1,RPM_clone_1,CellTag_Clone,,CAGGGCTGTGCTCTTC-1,RPMA_clone_1,CellTag_Clone,,,,
GCCGTGAGTAGCGTTT-1,RPM_clone_1,CellTag_Clone,,CAGTGCGTCTTTGCGC-1,RPMA_clone_1,CellTag_Clone,,,,
GGAATGGGTAGGCAGT-1,RPM_clone_1,CellTag_Clone,,CATCCACGTCAGGTAG-1,RPMA_clone_1,CellTag_Clone,,,,
GGGTATTAGTGACACG-1,RPM_clone_1,CellTag_Clone,,CATCCACGTGAATTAG-1,RPMA_clone_1,CellTag_Clone,,,,
GGTGTCGTCATCTCTA-1,RPM_clone_1,CellTag_Clone,,CATCCGTAGGCTAGCA-1,RPMA_clone_1,CellTag_Clone,,,,
GTAGGAGGTACATTGC-1,RPM_clone_1,CellTag_Clone,,CATCGCTCATACAGCT-1,RPMA_clone_1,CellTag_Clone,,,,
GTGCACGGTGTTAACC-1,RPM_clone_1,CellTag_Clone,,CATCGCTGTTCAATCG-1,RPMA_clone_1,CellTag_Clone,,,,
GTGGTTATCGCTGTTC-1,RPM_clone_1,CellTag_Clone,,CATGCAATCTCATGCC-1,RPMA_clone_1,CellTag_Clone,,,,
GTGTGGCAGAATACAC-1,RPM_clone_1,CellTag_Clone,,CCAAGCGCAGTTGGTT-1,RPMA_clone_1,CellTag_Clone,,,,
GTTAGTGAGATTGTGA-1,RPM_clone_1,CellTag_Clone,,CCACACTGTATTGCCA-1,RPMA_clone_1,CellTag_Clone,,,,
TACAGGTCAAGCACCC-1,RPM_clone_1,CellTag_Clone,,CCCAACTCAACCGTGC-1,RPMA_clone_1,CellTag_Clone,,,,
TACAGGTGTACTGGGA-1,RPM_clone_1,CellTag_Clone,,CCCAACTCATGGAAGC-1,RPMA_clone_1,CellTag_Clone,,,,
TAGGGTTTCGCAGTTA-1,RPM_clone_1,CellTag_Clone,,CCCGGAAAGGACGCTA-1,RPMA_clone_1,CellTag_Clone,,,,
TATACCTTCAGACCCG-1,RPM_clone_1,CellTag_Clone,,CCGGGTACACGTAACT-1,RPMA_clone_1,CellTag_Clone,,,,
TATTGCTAGAACAAGG-1,RPM_clone_1,CellTag_Clone,,CCGTAGGTCCGCACGA-1,RPMA_clone_1,CellTag_Clone,,,,
TCACACCGTGAATTGA-1,RPM_clone_1,CellTag_Clone,,CCTCACATCCGGCAGT-1,RPMA_clone_1,CellTag_Clone,,,,
TCACGCTGTAATCAAG-1,RPM_clone_1,CellTag_Clone,,CCTCAGTTCCATGATG-1,RPMA_clone_1,CellTag_Clone,,,,
TCAGTTTCAAGACCGA-1,RPM_clone_1,CellTag_Clone,,CCTCCAATCATGCCCT-1,RPMA_clone_1,CellTag_Clone,,,,
TCATGTTGTTCTCCTG-1,RPM_clone_1,CellTag_Clone,,CCTCCTCAGCAGTAAT-1,RPMA_clone_1,CellTag_Clone,,,,
TCGAACAGTCGGCACT-1,RPM_clone_1,CellTag_Clone,,CCTGCATGTGTAGGAC-1,RPMA_clone_1,CellTag_Clone,,,,
TCGGATATCGTAGGGA-1,RPM_clone_1,CellTag_Clone,,CGGGTCATCTTGGGCG-1,RPMA_clone_1,CellTag_Clone,,,,
TCGGTCTTCATTCACT-1,RPM_clone_1,CellTag_Clone,,CTACAGACAGGCTACC-1,RPMA_clone_1,CellTag_Clone,,,,
TCTGTCGGTCAAACGG-1,RPM_clone_1,CellTag_Clone,,CTAGACACAATAGGGC-1,RPMA_clone_1,CellTag_Clone,,,,
TGAATCGCATGTGGCC-1,RPM_clone_1,CellTag_Clone,,CTCAGAAGTACCCAGC-1,RPMA_clone_1,CellTag_Clone,,,,
TGAGCATGTTAAGACA-1,RPM_clone_1,CellTag_Clone,,CTCATTACAAGGTTGG-1,RPMA_clone_1,CellTag_Clone,,,,
TGAGGTTCATCTTCGC-1,RPM_clone_1,CellTag_Clone,,CTCCAACTCATTGTTC-1,RPMA_clone_1,CellTag_Clone,,,,
TGATTCTAGTGCAGCA-1,RPM_clone_1,CellTag_Clone,,CTCCACATCGTCAACA-1,RPMA_clone_1,CellTag_Clone,,,,
TGCTCCAAGTCGGGAT-1,RPM_clone_1,CellTag_Clone,,CTCCATGGTTCACCGG-1,RPMA_clone_1,CellTag_Clone,,,,
TGCTCCATCAGAGCAG-1,RPM_clone_1,CellTag_Clone,,CTCGAGGTCAAAGCCT-1,RPMA_clone_1,CellTag_Clone,,,,
TGGGAGATCATGAGTC-1,RPM_clone_1,CellTag_Clone,,CTGCGAGGTGCCTGCA-1,RPMA_clone_1,CellTag_Clone,,,,
TGGGCTGCACGAGAAC-1,RPM_clone_1,CellTag_Clone,,CTGGTCTAGCGCTGAA-1,RPMA_clone_1,CellTag_Clone,,,,
TGGGCTGGTTCTCCCA-1,RPM_clone_1,CellTag_Clone,,CTTCCGAGTGTTCCAA-1,RPMA_clone_1,CellTag_Clone,,,,
TGGTAGTAGTGTGTTC-1,RPM_clone_1,CellTag_Clone,,CTTGAGAAGCTGTCCG-1,RPMA_clone_1,CellTag_Clone,,,,
TGTCCTGTCTCGGGAC-1,RPM_clone_1,CellTag_Clone,,GAAGAATTCGGCGATC-1,RPMA_clone_1,CellTag_Clone,,,,
TTAATCCCACTAACCA-1,RPM_clone_1,CellTag_Clone,,GACAGCCGTGTATCCA-1,RPMA_clone_1,CellTag_Clone,,,,
TTCCACGCATGATGCT-1,RPM_clone_1,CellTag_Clone,,GACTCAAAGGCGAACT-1,RPMA_clone_1,CellTag_Clone,,,,
TTCCTCTTCCGATCTC-1,RPM_clone_1,CellTag_Clone,,GACTCAATCGCTCTCA-1,RPMA_clone_1,CellTag_Clone,,,,
TTCTAACCAAGCTGCC-1,RPM_clone_1,CellTag_Clone,,GAGGCCTCAGGTAGTG-1,RPMA_clone_1,CellTag_Clone,,,,
AACCTTTTCGTCACCT-1,RPM_clone_1,CellTag_Clone,,GAGTCTAGTAGGTCAG-1,RPMA_clone_1,CellTag_Clone,,,,
CTCCCAATCTCCACTG-1,RPM_clone_2,CellTag_Clone,,GAGTTACCACCTCAGG-1,RPMA_clone_1,CellTag_Clone,,,,
CTTTCAATCACACCGG-1,RPM_clone_2,CellTag_Clone,,GAGTTTGCATACTGTG-1,RPMA_clone_1,CellTag_Clone,,,,
AAGCGAGGTTAATCGC-1,RPM_clone_2,CellTag_Clone,,GATGACTGTTGCACGC-1,RPMA_clone_1,CellTag_Clone,,,,
ACTTATCAGAGACAAG-1,RPM_clone_3,CellTag_Clone,,GATTCTTAGTCATTGC-1,RPMA_clone_1,CellTag_Clone,,,,
CACCGTTGTCAAAGTA-1,RPM_clone_3,CellTag_Clone,,GCCCAGAAGCAGTCTT-1,RPMA_clone_1,CellTag_Clone,,,,
CGGCAGTTCGAGAACG-1,RPM_clone_3,CellTag_Clone,,GCCCGAATCAAGTGGG-1,RPMA_clone_1,CellTag_Clone,,,,
CTTAGGAAGCTACAAA-1,RPM_clone_3,CellTag_Clone,,GCCGATGGTGTTGAGG-1,RPMA_clone_1,CellTag_Clone,,,,
CTTGAGAAGGATTTCC-1,RPM_clone_3,CellTag_Clone,,GCTGCAGGTAAGATAC-1,RPMA_clone_1,CellTag_Clone,,,,
GGGTCTGAGCGAGTAC-1,RPM_clone_3,CellTag_Clone,,GGAACCCGTAGCTAAA-1,RPMA_clone_1,CellTag_Clone,,,,
GGTCACGTCTACTGCC-1,RPM_clone_3,CellTag_Clone,,GGAGAACTCATTGCTT-1,RPMA_clone_1,CellTag_Clone,,,,
GTAAGTCGTGCAACGA-1,RPM_clone_3,CellTag_Clone,,GGGAAGTCAAAGTATG-1,RPMA_clone_1,CellTag_Clone,,,,
TAGAGTCAGCAATAGT-1,RPM_clone_3,CellTag_Clone,,GGTAACTGTGAATATG-1,RPMA_clone_1,CellTag_Clone,,,,
TATCTGTAGAGAACCC-1,RPM_clone_3,CellTag_Clone,,GGTAGAGGTCATCGGC-1,RPMA_clone_1,CellTag_Clone,,,,
TCTAACTAGTTTGAGA-1,RPM_clone_3,CellTag_Clone,,GTAACACGTTGCTCCT-1,RPMA_clone_1,CellTag_Clone,,,,
TGATTTCTCATGGCCG-1,RPM_clone_3,CellTag_Clone,,GTAGAAAAGGCTCCCA-1,RPMA_clone_1,CellTag_Clone,,,,
ACGGGTCAGGGAGATA-1,RPM_clone_3,CellTag_Clone,,GTAGAGGTCAAGCCTA-1,RPMA_clone_1,CellTag_Clone,,,,
,,,,GTATTTCCAGATCACT-1,RPMA_clone_1,CellTag_Clone,,,,
,,,,GTCACGGTCAGAGCGA-1,RPMA_clone_1,CellTag_Clone,,,,
,,,,GTCACTCGTGCTCTCT-1,RPMA_clone_1,CellTag_Clone,,,,
,,,,GTCAGCGTCCCAGGAC-1,RPMA_clone_1,CellTag_Clone,,,,
,,,,GTCGCGAAGTCAGCGA-1,RPMA_clone_1,CellTag_Clone,,,,
,,,,GTGAGTTCAACTCGAT-1,RPMA_clone_1,CellTag_Clone,,,,
,,,,GTGCGTGAGACGAGCT-1,RPMA_clone_1,CellTag_Clone,,,,
,,,,GTGCTTCGTACCGGAA-1,RPMA_clone_1,CellTag_Clone,,,,
,,,,GTGTAACGTTTCACAG-1,RPMA_clone_1,CellTag_Clone,,,,
,,,,GTGTTCCCAGTCTACA-1,RPMA_clone_1,CellTag_Clone,,,,
,,,,GTTATGGCAGCGACAA-1,RPMA_clone_1,CellTag_Clone,,,,
,,,,GTTATGGTCAGTAGGG-1,RPMA_clone_1,CellTag_Clone,,,,
,,,,GTTCCGTAGTCTCCTC-1,RPMA_clone_1,CellTag_Clone,,,,
,,,,GTTGTAGCATTAAGCC-1,RPMA_clone_1,CellTag_Clone,,,,
,,,,GTTGTCCGTACGCGTC-1,RPMA_clone_1,CellTag_Clone,,,,
,,,,TAACCAGCACCACTGG-1,RPMA_clone_1,CellTag_Clone,,,,
,,,,TAAGCACCAGCTATAC-1,RPMA_clone_1,CellTag_Clone,,,,
,,,,TACAGGTGTAACAGTA-1,RPMA_clone_1,CellTag_Clone,,,,
,,,,TAGTGCACAGACGGAT-1,RPMA_clone_1,CellTag_Clone,,,,
,,,,TATACCTGTACCGTGC-1,RPMA_clone_1,CellTag_Clone,,,,
,,,,TATCCTATCTGCGTCT-1,RPMA_clone_1,CellTag_Clone,,,,
,,,,TATCTGTTCCGCTAGG-1,RPMA_clone_1,CellTag_Clone,,,,
,,,,TCAAGACCATACGCAT-1,RPMA_clone_1,CellTag_Clone,,,,
,,,,TCAAGCAAGGATTACA-1,RPMA_clone_1,CellTag_Clone,,,,
,,,,TCACGGGCAATGGGTG-1,RPMA_clone_1,CellTag_Clone,,,,
,,,,TCACTCGAGCAGGGAG-1,RPMA_clone_1,CellTag_Clone,,,,
,,,,TCAGCCTGTGACTGTT-1,RPMA_clone_1,CellTag_Clone,,,,
,,,,TCAGGTACAAATGATG-1,RPMA_clone_1,CellTag_Clone,,,,
,,,,TCAGTCCCACTTGGCG-1,RPMA_clone_1,CellTag_Clone,,,,
,,,,TCATATCAGCTCACTA-1,RPMA_clone_1,CellTag_Clone,,,,
,,,,TCATGCCAGTCACTCA-1,RPMA_clone_1,CellTag_Clone,,,,
,,,,TCATGCCGTTCCGCAG-1,RPMA_clone_1,CellTag_Clone,,,,
,,,,TCATTACGTCAACGCC-1,RPMA_clone_1,CellTag_Clone,,,,
,,,,TCCGATCTCTCACCCA-1,RPMA_clone_1,CellTag_Clone,,,,
,,,,TCCTAATCACTCTCGT-1,RPMA_clone_1,CellTag_Clone,,,,
,,,,TCGAACACAATCCAGT-1,RPMA_clone_1,CellTag_Clone,,,,
,,,,TCTACATTCAATCAGC-1,RPMA_clone_1,CellTag_Clone,,,,
,,,,TCTCACGGTTCAAGTC-1,RPMA_clone_1,CellTag_Clone,,,,
,,,,TCTGCCAGTCAGTCTA-1,RPMA_clone_1,CellTag_Clone,,,,
,,,,TCTTAGTAGGCCACCT-1,RPMA_clone_1,CellTag_Clone,,,,
,,,,TGAACGTTCTAACGGT-1,RPMA_clone_1,CellTag_Clone,,,,
,,,,TGAGACTGTGAGGCAT-1,RPMA_clone_1,CellTag_Clone,,,,
,,,,TGAGCATGTACCAGAG-1,RPMA_clone_1,CellTag_Clone,,,,
,,,,TGATGGTAGTTTGGCT-1,RPMA_clone_1,CellTag_Clone,,,,
,,,,TGATGGTGTCTCACAA-1,RPMA_clone_1,CellTag_Clone,,,,
,,,,TGATTCTCAGGACTTT-1,RPMA_clone_1,CellTag_Clone,,,,
,,,,TGCGACGGTCTTCATT-1,RPMA_clone_1,CellTag_Clone,,,,
,,,,TGCGGGTCACTATCCC-1,RPMA_clone_1,CellTag_Clone,,,,
,,,,TGGGATTGTCCTGTTC-1,RPMA_clone_1,CellTag_Clone,,,,
,,,,TGTAACGAGCTGAAAT-1,RPMA_clone_1,CellTag_Clone,,,,
,,,,TGTCCACAGCGGACAT-1,RPMA_clone_1,CellTag_Clone,,,,
,,,,TGTTCATTCCGCCTAT-1,RPMA_clone_1,CellTag_Clone,,,,
,,,,TTCAATCGTTGTGCCG-1,RPMA_clone_1,CellTag_Clone,,,,
,,,,TTCACCGGTTAGAGTA-1,RPMA_clone_1,CellTag_Clone,,,,
,,,,TTCATGTTCCACCTCA-1,RPMA_clone_1,CellTag_Clone,,,,
,,,,TTCATTGGTTGCTTGA-1,RPMA_clone_1,CellTag_Clone,,,,
,,,,TTCCGGTAGCTCCCTT-1,RPMA_clone_1,CellTag_Clone,,,,
,,,,TTCCGTGGTACAGAGC-1,RPMA_clone_1,CellTag_Clone,,,,
,,,,TTCGCTGGTAATGCTC-1,RPMA_clone_1,CellTag_Clone,,,,
,,,,TTCGGTCTCAGACAAA-1,RPMA_clone_1,CellTag_Clone,,,,
,,,,TTGCCTGTCCATTGCC-1,RPMA_clone_1,CellTag_Clone,,,,
,,,,TTTCCTCTCTTGAGCA-1,RPMA_clone_1,CellTag_Clone,,,,
,,,,AAAGGGCGTCTACTGA-1,RPMA_clone_1,CellTag_Clone,,,,
,,,,AACGGGAAGCGTTCCG-1,RPMA_clone_1,CellTag_Clone,,,,
,,,,CACAACATCACTTGTT-1,RPMA_clone_1,CellTag_Clone,,,,
,,,,CTTCCTTCACATATGC-1,RPMA_clone_1,CellTag_Clone,,,,
,,,,CTTGAGAGTACCATAC-1,RPMA_clone_1,CellTag_Clone,,,,
,,,,GACTTCCGTGTGTCCG-1,RPMA_clone_1,CellTag_Clone,,,,
,,,,GCGTGCATCCGTGGTG-1,RPMA_clone_1,CellTag_Clone,,,,
,,,,GGGTATTCAACACGTT-1,RPMA_clone_1,CellTag_Clone,,,,
,,,,GGTCACGTCAGAGTTC-1,RPMA_clone_1,CellTag_Clone,,,,
,,,,GTGTCCTAGCCTGTCG-1,RPMA_clone_1,CellTag_Clone,,,,
,,,,GTTGTAGAGGCTATCT-1,RPMA_clone_1,CellTag_Clone,,,,
,,,,TACCGGGCACAGTGAG-1,RPMA_clone_1,CellTag_Clone,,,,
,,,,TCCGTGTGTGACAGCA-1,RPMA_clone_1,CellTag_Clone,,,,
,,,,TGAGGAGGTAGACGGT-1,RPMA_clone_1,CellTag_Clone,,,,
,,,,AAAGTCCCATGGTGGA-1,RPMA_clone_1,CellTag_Clone,,,,
,,,,AACGGGAAGGTATCTC-1,RPMA_clone_1,CellTag_Clone,,,,
,,,,ACGCACGCAGCTAACT-1,RPMA_clone_1,CellTag_Clone,,,,
,,,,ACGTACATCTACCACC-1,RPMA_clone_1,CellTag_Clone,,,,
,,,,AGCGCCACACATTACG-1,RPMA_clone_1,CellTag_Clone,,,,
,,,,AGCGCCATCCTAGAGT-1,RPMA_clone_1,CellTag_Clone,,,,
,,,,AGGATCTCAGGAAGTC-1,RPMA_clone_1,CellTag_Clone,,,,
,,,,ATGCCTCAGCGAGAAA-1,RPMA_clone_1,CellTag_Clone,,,,
,,,,CAAGGGACATCTAGAC-1,RPMA_clone_1,CellTag_Clone,,,,
,,,,CACTTCGGTATCGAAA-1,RPMA_clone_1,CellTag_Clone,,,,
,,,,CATACTTCAGGTTTAC-1,RPMA_clone_1,CellTag_Clone,,,,
,,,,CCACCATAGGTTTACC-1,RPMA_clone_1,CellTag_Clone,,,,
,,,,CCATCACTCGATACAC-1,RPMA_clone_1,CellTag_Clone,,,,
,,,,CGCAGGTCATCACAGT-1,RPMA_clone_1,CellTag_Clone,,,,
,,,,CGTCAAATCTCCGCAT-1,RPMA_clone_1,CellTag_Clone,,,,
,,,,CGTCCATTCTGAGTCA-1,RPMA_clone_1,CellTag_Clone,,,,
,,,,CTCAAGATCTACTGAG-1,RPMA_clone_1,CellTag_Clone,,,,
,,,,CTCGAGGTCCTCGCAT-1,RPMA_clone_1,CellTag_Clone,,,,
,,,,CTGGACGTCGAACGCC-1,RPMA_clone_1,CellTag_Clone,,,,
,,,,GACATCAAGGTCGTCC-1,RPMA_clone_1,CellTag_Clone,,,,
,,,,GAGTTACTCTCTGCCA-1,RPMA_clone_1,CellTag_Clone,,,,
,,,,GATGAGGGTCGTTGGC-1,RPMA_clone_1,CellTag_Clone,,,,
,,,,GCACATAGTGGCTCTG-1,RPMA_clone_1,CellTag_Clone,,,,
,,,,GCACTAACAACCAACT-1,RPMA_clone_1,CellTag_Clone,,,,
,,,,GCGTGCAGTGTTGACT-1,RPMA_clone_1,CellTag_Clone,,,,
,,,,GGATCTAGTAGCTTAC-1,RPMA_clone_1,CellTag_Clone,,,,
,,,,GGCTTGGGTCTTGCGG-1,RPMA_clone_1,CellTag_Clone,,,,
,,,,GGGACTCCAAAGGGCT-1,RPMA_clone_1,CellTag_Clone,,,,
,,,,GGGTAGAGTTATCCAG-1,RPMA_clone_1,CellTag_Clone,,,,
,,,,GGGTTTACAGCTGGTC-1,RPMA_clone_1,CellTag_Clone,,,,
,,,,TAACTTCCACCAAATC-1,RPMA_clone_1,CellTag_Clone,,,,
,,,,TACGGTACATAGGTAA-1,RPMA_clone_1,CellTag_Clone,,,,
,,,,TAGGAGGTCGCAATTG-1,RPMA_clone_1,CellTag_Clone,,,,
,,,,TATTTCGTCGACCACG-1,RPMA_clone_1,CellTag_Clone,,,,
,,,,TCAGCAACAGAATCGG-1,RPMA_clone_1,CellTag_Clone,,,,
,,,,TGCGATAGTTCCGCAG-1,RPMA_clone_1,CellTag_Clone,,,,
,,,,TGTGGCGGTTGGGCCT-1,RPMA_clone_1,CellTag_Clone,,,,
,,,,TGTTGAGTCCGAACGC-1,RPMA_clone_1,CellTag_Clone,,,,
,,,,TTCACGCAGTCTAACC-1,RPMA_clone_1,CellTag_Clone,,,,
,,,,TTCCGTGCAATAGGGC-1,RPMA_clone_1,CellTag_Clone,,,,
,,,,TTCTGTACACTGCACG-1,RPMA_clone_1,CellTag_Clone,,,,
,,,,TTGAACGGTATACCCA-1,RPMA_clone_1,CellTag_Clone,,,,
,,,,TTGTGTTAGAACTCCT-1,RPMA_clone_1,CellTag_Clone,,,,
,,,,TTGTTTGAGTTTCTTC-1,RPMA_clone_1,CellTag_Clone,,,,
,,,,TTTGACTTCATCACTT-1,RPMA_clone_1,CellTag_Clone,,,,
,,,,GGGTTATCATGACTCA-1,RPMA_clone_1,CellTag_Clone,,,,
,,,,GTACAACAGCAATAGT-1,RPMA_clone_1,CellTag_Clone,,,,
,,,,AAGTACCTCCCAAGCG-1,RPMA_clone_1,CellTag_Clone,,,,
,,,,CATACCCGTATGAGAT-1,RPMA_clone_1,CellTag_Clone,,,,
,,,,CATCCCAGTACGTGTT-1,RPMA_clone_1,CellTag_Clone,,,,
,,,,GCATTAGCAGCTATAC-1,RPMA_clone_1,CellTag_Clone,,,,
,,,,GGTGATTTCACGGGCT-1,RPMA_clone_1,CellTag_Clone,,,,
,,,,GTCACTCAGGTGTGAC-1,RPMA_clone_1,CellTag_Clone,,,,
,,,,TATTGGGCAAGACCGA-1,RPMA_clone_1,CellTag_Clone,,,,
,,,,TCTGTCGCAAAGCTCT-1,RPMA_clone_1,CellTag_Clone,,,,
,,,,TTCTTGAGTGATATAG-1,RPMA_clone_1,CellTag_Clone,,,,
,,,,CGATGGCCATGGATCT-1,RPMA_clone_1,CellTag_Clone,,,,
,,,,GACACGCGTAAGATCA-1,RPMA_clone_1,CellTag_Clone,,,,
,,,,TTCCTAATCGTCACCT-1,RPMA_clone_1,CellTag_Clone,,,,
,,,,TCTTGCGAGCCTTCTC-1,RPMA_clone_1,CellTag_Clone,,,,
,,,,ACTACGAGTCCCTAAA-1,RPMA_clone_1,CellTag_Clone,,,,
,,,,AGAGAATCAACCGATT-1,RPMA_clone_1,CellTag_Clone,,,,
,,,,AGTAACCCAAAGCGTG-1,RPMA_clone_1,CellTag_Clone,,,,
,,,,ATCGGCGTCCTTACCG-1,RPMA_clone_1,CellTag_Clone,,,,
,,,,ATTTCACGTGGGTCAA-1,RPMA_clone_1,CellTag_Clone,,,,
,,,,CAATTTCGTCACCCTT-1,RPMA_clone_1,CellTag_Clone,,,,
,,,,CCTTTGGCACAGTCAT-1,RPMA_clone_1,CellTag_Clone,,,,
,,,,CTCTCGAGTCGGCACT-1,RPMA_clone_1,CellTag_Clone,,,,
,,,,CTTCCTTCATGTGTCA-1,RPMA_clone_1,CellTag_Clone,,,,
,,,,GGCAGTCCAGCCGTCA-1,RPMA_clone_1,CellTag_Clone,,,,
,,,,GTGCTTCAGTCAGCGA-1,RPMA_clone_1,CellTag_Clone,,,,
,,,,GTGTTCCTCGTGTTCC-1,RPMA_clone_1,CellTag_Clone,,,,
,,,,TGACTCCCATAATCGC-1,RPMA_clone_1,CellTag_Clone,,,,
,,,,TTACGTTGTCAACCAT-1,RPMA_clone_1,CellTag_Clone,,,,
,,,,TTCCTAAAGTCACAGG-1,RPMA_clone_1,CellTag_Clone,,,,
,,,,TTTACCATCCTTTAGT-1,RPMA_clone_1,CellTag_Clone,,,,
,,,,TTTAGTCAGAATACAC-1,RPMA_clone_1,CellTag_Clone,,,,
,,,,CCTCAGTTCTACCTTA-1,RPMA_clone_1,CellTag_Clone,,,,
,,,,CACAACACACAGGATG-1,RPMA_clone_1,CellTag_Clone,,,,
,,,,GAGATGGCATGGAACG-1,RPMA_clone_1,CellTag_Clone,,,,
,,,,CATCCACAGTTAACGA-1,RPMA_clone_1,CellTag_Clone,,,,
,,,,CGGGACTCAGTCAGTT-1,RPMA_clone_1,CellTag_Clone,,,,
,,,,CTCCTCCCAATTCACG-1,RPMA_clone_1,CellTag_Clone,,,,
,,,,GTAAGTCGTATAGCTC-1,RPMA_clone_1,CellTag_Clone,,,,
,,,,TTTGACTAGGTCATTC-1,RPMA_clone_1,CellTag_Clone,,,,
,,,,TGATTCTTCTAGAACC-1,RPMA_clone_1,CellTag_Clone,,,,
,,,,CTTCTAAGTAGTGATA-1,RPMA_clone_1,CellTag_Clone,,,,
,,,,GGTGTTAAGTCGCGAA-1,RPMA_clone_1,CellTag_Clone,,,,
,,,,CCTATCGCACTTGTCC-1,RPMA_clone_1,CellTag_Clone,,,,
,,,,CTCACTGTCGTTTACT-1,RPMA_clone_1,CellTag_Clone,,,,
,,,,GACTCAAAGCGCTTCG-1,RPMA_clone_1,CellTag_Clone,,,,
,,,,TGATTTCCAGTGTGCC-1,RPMA_clone_1,CellTag_Clone,,,,
,,,,TTCACGCAGAGAGTTT-1,RPMA_clone_1,CellTag_Clone,,,,
,,,,TTGCTGCCATGTTACG-1,RPMA_clone_1,CellTag_Clone,,,,
,,,,CCTCTAGGTAACACGG-1,RPMA_clone_1,CellTag_Clone,,,,
,,,,CGAGGCTTCCCTCTTT-1,RPMA_clone_1,CellTag_Clone,,,,
,,,,GGGTTATTCTGCTTAT-1,RPMA_clone_1,CellTag_Clone,,,,
,,,,CGAAGTTGTTGCCGCA-1,RPMA_clone_1,CellTag_Clone,,,,
,,,,CTCAACCAGCGTCTGC-1,RPMA_clone_1,CellTag_Clone,,,,
,,,,CTCAGGGAGCACTTTG-1,RPMA_clone_1,CellTag_Clone,,,,
,,,,GACCTTCAGTCGCTAT-1,RPMA_clone_1,CellTag_Clone,,,,
,,,,GACTATGCATTCACCC-1,RPMA_clone_1,CellTag_Clone,,,,
,,,,GTAATGCAGTCTTCCC-1,RPMA_clone_1,CellTag_Clone,,,,
,,,,TACAACGGTATGAGGC-1,RPMA_clone_1,CellTag_Clone,,,,
,,,,TAATTCCTCAGACAAA-1,RPMA_clone_1,CellTag_Clone,,,,
,,,,GTAGTACCATGTGACT-1,RPMA_clone_1,CellTag_Clone,,,,
,,,,TCATTACCATTGACCA-1,RPMA_clone_1,CellTag_Clone,,,,
,,,,TTCGGTCAGTTGCGAG-1,RPMA_clone_1,CellTag_Clone,,,,
,,,,AAACCCATCACACCCT-1,RPMA_clone_1,CellTag_Clone,,,,
,,,,AAAGGGCTCTATTGTC-1,RPMA_clone_1,CellTag_Clone,,,,
,,,,AAAGTGAGTCAACATC-1,RPMA_clone_1,CellTag_Clone,,,,
,,,,AAGAACACATCCGAAT-1,RPMA_clone_1,CellTag_Clone,,,,
,,,,AAGACTCGTCGATGCC-1,RPMA_clone_1,CellTag_Clone,,,,
,,,,AAGCATCCACAGCCAC-1,RPMA_clone_1,CellTag_Clone,,,,
,,,,AATAGAGAGATCACTC-1,RPMA_clone_1,CellTag_Clone,,,,
,,,,ACAGCCGTCGACGAGA-1,RPMA_clone_1,CellTag_Clone,,,,
,,,,ATCGTCCCAGCCTACG-1,RPMA_clone_1,CellTag_Clone,,,,
,,,,CAGCAGCTCTTCTAAC-1,RPMA_clone_1,CellTag_Clone,,,,
,,,,CGGGACTCACGAGAAC-1,RPMA_clone_1,CellTag_Clone,,,,
,,,,CTAGGTAAGTCTGCAT-1,RPMA_clone_1,CellTag_Clone,,,,
,,,,CTCTGGTTCACGTCCT-1,RPMA_clone_1,CellTag_Clone,,,,
,,,,CTTCCTTAGCCACTCG-1,RPMA_clone_1,CellTag_Clone,,,,
,,,,GAAGCGATCCTTCTGG-1,RPMA_clone_1,CellTag_Clone,,,,
,,,,GTCTCACCACGGGTAA-1,RPMA_clone_1,CellTag_Clone,,,,
,,,,ATTCTTGCAGATTTCG-1,RPMA_clone_2,CellTag_Clone,,,,
,,,,CAACCAAAGATTACCC-1,RPMA_clone_2,CellTag_Clone,,,,
,,,,CCCAACTGTCCTACAA-1,RPMA_clone_2,CellTag_Clone,,,,
,,,,CCCTCAATCGTCTAAG-1,RPMA_clone_2,CellTag_Clone,,,,
,,,,GAAGGACCAAGTAGTA-1,RPMA_clone_2,CellTag_Clone,,,,
,,,,GAGGGTATCCTAAGTG-1,RPMA_clone_2,CellTag_Clone,,,,
,,,,GATAGCTAGCATGATA-1,RPMA_clone_2,CellTag_Clone,,,,
,,,,GGGTCACGTCAGCTTA-1,RPMA_clone_2,CellTag_Clone,,,,
,,,,TCATGCCCAAATACGA-1,RPMA_clone_2,CellTag_Clone,,,,
,,,,TCCTGCACATCGATGT-1,RPMA_clone_2,CellTag_Clone,,,,
,,,,TGACAGTCAGAGTAAT-1,RPMA_clone_2,CellTag_Clone,,,,
,,,,TGAGGTTGTCTTTCTA-1,RPMA_clone_2,CellTag_Clone,,,,
,,,,TGTGTGAGTATGAGCG-1,RPMA_clone_2,CellTag_Clone,,,,
,,,,AAACGAAAGGCAGGGA-1,RPMA_clone_2,CellTag_Clone,,,,
,,,,AGAAGCGGTGAGCGAT-1,RPMA_clone_7,CellTag_Clone,,,,
,,,,ATGACCAAGGGTACGT-1,RPMA_clone_7,CellTag_Clone,,,,
,,,,CAAGCTATCAAGGAGC-1,RPMA_clone_7,CellTag_Clone,,,,
,,,,CACGAATTCTATCGGA-1,RPMA_clone_7,CellTag_Clone,,,,
,,,,CAGATTGCACCGTGAC-1,RPMA_clone_7,CellTag_Clone,,,,
,,,,CAGTTAGCACCGTCGA-1,RPMA_clone_7,CellTag_Clone,,,,
,,,,CCACTTGGTAACACCT-1,RPMA_clone_7,CellTag_Clone,,,,
,,,,CTCCCAATCCACGTCT-1,RPMA_clone_7,CellTag_Clone,,,,
,,,,GACACGCAGACGAGCT-1,RPMA_clone_7,CellTag_Clone,,,,
,,,,GACCGTGTCTGAATCG-1,RPMA_clone_7,CellTag_Clone,,,,
,,,,GACTCTCCAACTGATC-1,RPMA_clone_7,CellTag_Clone,,,,
,,,,GATGATCGTGAGGAAA-1,RPMA_clone_7,CellTag_Clone,,,,
,,,,GCTACCTAGCTGAAGC-1,RPMA_clone_7,CellTag_Clone,,,,
,,,,GGAGGATAGGCTCACC-1,RPMA_clone_7,CellTag_Clone,,,,
,,,,GTCTTTATCGTACACA-1,RPMA_clone_7,CellTag_Clone,,,,
,,,,GTTAGACTCTCGGTAA-1,RPMA_clone_7,CellTag_Clone,,,,
,,,,TAGTGCAAGAAACACT-1,RPMA_clone_7,CellTag_Clone,,,,
,,,,TCGTCCAGTATCTTCT-1,RPMA_clone_7,CellTag_Clone,,,,
,,,,TTTATGCTCCAACTAG-1,RPMA_clone_7,CellTag_Clone,,,,
,,,,AAAGAACAGTTTCGGT-1,RPMA_clone_7,CellTag_Clone,,,,
,,,,ACCCAAACAACTGATC-1,RPMA_clone_8,CellTag_Clone,,,,
,,,,ACGTAGTTCCGTATAG-1,RPMA_clone_8,CellTag_Clone,,,,
,,,,AGGGTGAGTGCATACT-1,RPMA_clone_8,CellTag_Clone,,,,
,,,,AGGTCTAAGTCAGCCC-1,RPMA_clone_8,CellTag_Clone,,,,
,,,,AGTTCCCCAGTCACGC-1,RPMA_clone_8,CellTag_Clone,,,,
,,,,AGTTCCCCAGTCGTTA-1,RPMA_clone_8,CellTag_Clone,,,,
,,,,ATCAGGTTCACGAGGA-1,RPMA_clone_8,CellTag_Clone,,,,
,,,,CAATACGGTCATCCGG-1,RPMA_clone_8,CellTag_Clone,,,,
,,,,CACGTTCCACGCTTAA-1,RPMA_clone_8,CellTag_Clone,,,,
,,,,CAGTTAGTCCTTCTTC-1,RPMA_clone_8,CellTag_Clone,,,,
,,,,CCTCTCCCATTCACCC-1,RPMA_clone_8,CellTag_Clone,,,,
,,,,CGCATGGCAACGGGTA-1,RPMA_clone_8,CellTag_Clone,,,,
,,,,CGCCATTCAAAGTATG-1,RPMA_clone_8,CellTag_Clone,,,,
,,,,CTACTATGTCTCCCTA-1,RPMA_clone_8,CellTag_Clone,,,,
,,,,CTCAAGACAGAAGCGT-1,RPMA_clone_8,CellTag_Clone,,,,
,,,,GAGTCATTCCAACCGG-1,RPMA_clone_8,CellTag_Clone,,,,
,,,,GATTGGTTCGCTTACC-1,RPMA_clone_8,CellTag_Clone,,,,
,,,,GCTACCTGTCCACTCT-1,RPMA_clone_8,CellTag_Clone,,,,
,,,,GGAACCCGTACGATCT-1,RPMA_clone_8,CellTag_Clone,,,,
,,,,GTCCCATCAGTATTCG-1,RPMA_clone_8,CellTag_Clone,,,,
,,,,GTGATGTTCTTGCAGA-1,RPMA_clone_8,CellTag_Clone,,,,
,,,,TAGATCGCATCACAGT-1,RPMA_clone_8,CellTag_Clone,,,,
,,,,TCAAGCAGTGCAGGAT-1,RPMA_clone_8,CellTag_Clone,,,,
,,,,TCAAGTGGTCAGGAGT-1,RPMA_clone_8,CellTag_Clone,,,,
,,,,TCACGCTCACATTCGA-1,RPMA_clone_8,CellTag_Clone,,,,
,,,,TCAGCCTGTTCGGACC-1,RPMA_clone_8,CellTag_Clone,,,,
,,,,TCCGGGATCGGACCAC-1,RPMA_clone_8,CellTag_Clone,,,,
,,,,TCTATCACAGTCAGAG-1,RPMA_clone_8,CellTag_Clone,,,,
,,,,TGATTTCGTCCGACGT-1,RPMA_clone_8,CellTag_Clone,,,,
,,,,TGTCCCATCCTTATGT-1,RPMA_clone_8,CellTag_Clone,,,,
,,,,TGTTACTTCCTACTGC-1,RPMA_clone_8,CellTag_Clone,,,,
,,,,TTACAGGTCACCTTAT-1,RPMA_clone_8,CellTag_Clone,,,,
,,,,TTCCACGCATCCAATG-1,RPMA_clone_8,CellTag_Clone,,,,
,,,,TTTCCTCAGTGGACTG-1,RPMA_clone_8,CellTag_Clone,,,,
,,,,AAAGGGCAGTCCCGAC-1,RPMA_clone_8,CellTag_Clone,,,,
,,,,AACAACCAGTCTGCGC-1,RPMA_clone_9,CellTag_Clone,,,,
,,,,AAGACAACACTTTAGG-1,RPMA_clone_9,CellTag_Clone,,,,
,,,,ACCCTCATCACTCACC-1,RPMA_clone_9,CellTag_Clone,,,,
,,,,ACTTCCGGTCCGGTCA-1,RPMA_clone_9,CellTag_Clone,,,,
,,,,AGCTTCCAGCCTTCTC-1,RPMA_clone_9,CellTag_Clone,,,,
,,,,AGTCTCCAGACTCCGC-1,RPMA_clone_9,CellTag_Clone,,,,
,,,,AGTGACTGTGACGTCC-1,RPMA_clone_9,CellTag_Clone,,,,
,,,,AGTGTTGGTTGTCCCT-1,RPMA_clone_9,CellTag_Clone,,,,
,,,,ATAGACCCAACCACGC-1,RPMA_clone_9,CellTag_Clone,,,,
,,,,CACAGATTCGTTAGAC-1,RPMA_clone_9,CellTag_Clone,,,,
,,,,CAGCAGCGTAGACGGT-1,RPMA_clone_9,CellTag_Clone,,,,
,,,,CATGGATAGGGCTGAT-1,RPMA_clone_9,CellTag_Clone,,,,
,,,,CCTCAGTAGTAGACCG-1,RPMA_clone_9,CellTag_Clone,,,,
,,,,CCTCAGTCAGGAATCG-1,RPMA_clone_9,CellTag_Clone,,,,
,,,,CGATGGCGTGATTCAC-1,RPMA_clone_9,CellTag_Clone,,,,
,,,,CTAGGTAAGCCTCGTG-1,RPMA_clone_9,CellTag_Clone,,,,
,,,,CTCAGAACAGCAGTCC-1,RPMA_clone_9,CellTag_Clone,,,,
,,,,CTGTACCTCCGACATA-1,RPMA_clone_9,CellTag_Clone,,,,
,,,,GATAGCTTCTCATGGA-1,RPMA_clone_9,CellTag_Clone,,,,
,,,,GGTTGTACAGTATTCG-1,RPMA_clone_9,CellTag_Clone,,,,
,,,,TACATTCGTAGCTGCC-1,RPMA_clone_9,CellTag_Clone,,,,
,,,,TCACGGGGTACCGCGT-1,RPMA_clone_9,CellTag_Clone,,,,
,,,,TCATGCCCAGTTGTTG-1,RPMA_clone_9,CellTag_Clone,,,,
,,,,TCATTGTTCAAGCGTT-1,RPMA_clone_9,CellTag_Clone,,,,
,,,,TCCGGGATCCTAACAG-1,RPMA_clone_9,CellTag_Clone,,,,
,,,,TCGGGCAGTAGGCAAC-1,RPMA_clone_9,CellTag_Clone,,,,
,,,,TCTACCGCAAATCCCA-1,RPMA_clone_9,CellTag_Clone,,,,
,,,,TCTATACAGGTTCTTG-1,RPMA_clone_9,CellTag_Clone,,,,
,,,,TTGGTTTGTAGTCACT-1,RPMA_clone_9,CellTag_Clone,,,,
,,,,AAAGTCCCAACTTGGT-1,RPMA_clone_9,CellTag_Clone,,,,
,,,,AACCATGTCGTCGGGT-1,RPMA_clone_14,CellTag_Clone,,,,
,,,,ACCTACCTCATCGACA-1,RPMA_clone_14,CellTag_Clone,,,,
,,,,ACTACGAGTACCCGAC-1,RPMA_clone_14,CellTag_Clone,,,,
,,,,ACTTATCTCGGCTATA-1,RPMA_clone_14,CellTag_Clone,,,,
,,,,AGTGACTCATCAGCTA-1,RPMA_clone_14,CellTag_Clone,,,,
,,,,ATTCCTAGTTCCAAAC-1,RPMA_clone_14,CellTag_Clone,,,,
,,,,CAATGACGTGAATATG-1,RPMA_clone_14,CellTag_Clone,,,,
,,,,CACTGAAGTATTTCCT-1,RPMA_clone_14,CellTag_Clone,,,,
,,,,CTACTATAGGATAATC-1,RPMA_clone_14,CellTag_Clone,,,,
,,,,CTAGACAGTTCACCGG-1,RPMA_clone_14,CellTag_Clone,,,,
,,,,CTTTCAAAGGCTCACC-1,RPMA_clone_14,CellTag_Clone,,,,
,,,,GATCACAGTCACATTG-1,RPMA_clone_14,CellTag_Clone,,,,
,,,,GCAGCCATCCGTTGAA-1,RPMA_clone_14,CellTag_Clone,,,,
,,,,GGAGAACTCTAGCAAC-1,RPMA_clone_14,CellTag_Clone,,,,
,,,,GGCTTGGAGAGATTCA-1,RPMA_clone_14,CellTag_Clone,,,,
,,,,GTCAGCGGTGCCGGTT-1,RPMA_clone_14,CellTag_Clone,,,,
,,,,GTGACGCCATGACCCG-1,RPMA_clone_14,CellTag_Clone,,,,
,,,,GTGAGCCGTATCGTGT-1,RPMA_clone_14,CellTag_Clone,,,,
,,,,GTGAGTTTCGAGCCTG-1,RPMA_clone_14,CellTag_Clone,,,,
,,,,TACCGAAAGATGTTCC-1,RPMA_clone_14,CellTag_Clone,,,,
,,,,TCACTCGCACTCAAGT-1,RPMA_clone_14,CellTag_Clone,,,,
,,,,TCGATTTCAGGCACTC-1,RPMA_clone_14,CellTag_Clone,,,,
,,,,TCTATACAGACATACA-1,RPMA_clone_14,CellTag_Clone,,,,
,,,,TGCGGCAAGGTTCTAC-1,RPMA_clone_14,CellTag_Clone,,,,
,,,,TGTGATGAGGTCCAGA-1,RPMA_clone_14,CellTag_Clone,,,,
,,,,TGTTGAGAGGCCTTGC-1,RPMA_clone_14,CellTag_Clone,,,,
,,,,TTACTGTAGTGCGCTC-1,RPMA_clone_14,CellTag_Clone,,,,
,,,,TTAGTCTGTCCATAGT-1,RPMA_clone_14,CellTag_Clone,,,,
,,,,TTCCAATTCGCCATAA-1,RPMA_clone_14,CellTag_Clone,,,,
,,,,TTCTGTAAGTTGCTCA-1,RPMA_clone_14,CellTag_Clone,,,,
,,,,TTGAACGAGGATACGC-1,RPMA_clone_14,CellTag_Clone,,,,
,,,,AACACACTCTCGGGAC-1,RPMA_clone_14,CellTag_Clone,,,,
,,,,AATGGAAAGGTGCAGT-1,RPMA_clone_17,CellTag_Clone,,,,
,,,,ACAAAGATCCACGAAT-1,RPMA_clone_17,CellTag_Clone,,,,
,,,,ACGGTTACAGACCGCT-1,RPMA_clone_17,CellTag_Clone,,,,
,,,,AGATGCTAGTGCACTT-1,RPMA_clone_17,CellTag_Clone,,,,
,,,,AGGGTCCGTCCTGGTG-1,RPMA_clone_17,CellTag_Clone,,,,
,,,,ATAGGCTAGTCGGCAA-1,RPMA_clone_17,CellTag_Clone,,,,
,,,,CATGCGGCAACACACT-1,RPMA_clone_17,CellTag_Clone,,,,
,,,,CGCCAGACAACCGATT-1,RPMA_clone_17,CellTag_Clone,,,,
,,,,CTCGAGGAGGTAAGAG-1,RPMA_clone_17,CellTag_Clone,,,,
,,,,CTGAATGGTTCTCGCT-1,RPMA_clone_17,CellTag_Clone,,,,
,,,,CTGGCAGAGGTGAGCT-1,RPMA_clone_17,CellTag_Clone,,,,
,,,,GATTCTTCAATCTCGA-1,RPMA_clone_17,CellTag_Clone,,,,
,,,,GCTGAATGTCTCACGG-1,RPMA_clone_17,CellTag_Clone,,,,
,,,,GGGACAATCCACACAA-1,RPMA_clone_17,CellTag_Clone,,,,
,,,,GGGCCATTCCGCACGA-1,RPMA_clone_17,CellTag_Clone,,,,
,,,,GGGTGAACACTGAGTT-1,RPMA_clone_17,CellTag_Clone,,,,
,,,,GTTGCGGTCACCACAA-1,RPMA_clone_17,CellTag_Clone,,,,
,,,,GTTTGGAGTGATTGGG-1,RPMA_clone_17,CellTag_Clone,,,,
,,,,TAACGACGTAGGAGTC-1,RPMA_clone_17,CellTag_Clone,,,,
,,,,TACGCTCCATCTCAAG-1,RPMA_clone_17,CellTag_Clone,,,,
,,,,TATCCTAAGTAGTCCT-1,RPMA_clone_17,CellTag_Clone,,,,
,,,,TCATGTTCAAATCAAG-1,RPMA_clone_17,CellTag_Clone,,,,
,,,,TCCACGTCAAGTAGTA-1,RPMA_clone_17,CellTag_Clone,,,,
,,,,TCCTCGATCAACTTTC-1,RPMA_clone_17,CellTag_Clone,,,,
,,,,TGATGGTTCTCTTAAC-1,RPMA_clone_17,CellTag_Clone,,,,
,,,,TGGGATTTCTATTTCG-1,RPMA_clone_17,CellTag_Clone,,,,
,,,,AACCACAAGAAGTCTA-1,RPMA_clone_17,CellTag_Clone,,,,
,,,,AACCTTTAGCCAACCC-1,RPMA_clone_19,CellTag_Clone,,,,
,,,,AAGTGAAGTTCTTGCC-1,RPMA_clone_19,CellTag_Clone,,,,
,,,,ACCAAACGTGACCGTC-1,RPMA_clone_19,CellTag_Clone,,,,
,,,,ACCACAAGTCGAGCTC-1,RPMA_clone_19,CellTag_Clone,,,,
,,,,ACTCTCGAGCCGCTTG-1,RPMA_clone_19,CellTag_Clone,,,,
,,,,AGACCATTCCTCTCGA-1,RPMA_clone_19,CellTag_Clone,,,,
,,,,AGAGCCCGTCATGCAT-1,RPMA_clone_19,CellTag_Clone,,,,
,,,,AGTGTTGGTAGACACG-1,RPMA_clone_19,CellTag_Clone,,,,
,,,,AGTTCCCGTTCCTAAG-1,RPMA_clone_19,CellTag_Clone,,,,
,,,,ATTCACTAGAGAGCAA-1,RPMA_clone_19,CellTag_Clone,,,,
,,,,ATTGTTCCAACTCCCT-1,RPMA_clone_19,CellTag_Clone,,,,
,,,,CACCGTTGTCAGTCGC-1,RPMA_clone_19,CellTag_Clone,,,,
,,,,CAGTTCCAGCCGAACA-1,RPMA_clone_19,CellTag_Clone,,,,
,,,,CTATCCGGTCTCAAGT-1,RPMA_clone_19,CellTag_Clone,,,,
,,,,CTGTCGTGTCATCGCG-1,RPMA_clone_19,CellTag_Clone,,,,
,,,,GAAGGACCATCCGTTC-1,RPMA_clone_19,CellTag_Clone,,,,
,,,,GAAGGGTCAATGCTCA-1,RPMA_clone_19,CellTag_Clone,,,,
,,,,GACCTTCAGAGTACCG-1,RPMA_clone_19,CellTag_Clone,,,,
,,,,GATAGAATCTTTGCAT-1,RPMA_clone_19,CellTag_Clone,,,,
,,,,GCTTTCGGTCAGGAGT-1,RPMA_clone_19,CellTag_Clone,,,,
,,,,GTAACACAGTTTGAGA-1,RPMA_clone_19,CellTag_Clone,,,,
,,,,GTACAGTCATAGGAGC-1,RPMA_clone_19,CellTag_Clone,,,,
,,,,GTGAGCCGTCAGACGA-1,RPMA_clone_19,CellTag_Clone,,,,
,,,,GTTAGACGTGGCACTC-1,RPMA_clone_19,CellTag_Clone,,,,
,,,,TAATCTCGTTTAGTCG-1,RPMA_clone_19,CellTag_Clone,,,,
,,,,TAGGTACCAGCGACCT-1,RPMA_clone_19,CellTag_Clone,,,,
,,,,TCATGCCTCGACGTCG-1,RPMA_clone_19,CellTag_Clone,,,,
,,,,TCCATGCAGCGTCAAG-1,RPMA_clone_19,CellTag_Clone,,,,
,,,,TCTACATCAGCGAACA-1,RPMA_clone_19,CellTag_Clone,,,,
,,,,TCTTTGAAGGAGGCAG-1,RPMA_clone_19,CellTag_Clone,,,,
,,,,TGAATGCAGTTTGAGA-1,RPMA_clone_19,CellTag_Clone,,,,
,,,,TTCCTTCGTCCACTCT-1,RPMA_clone_19,CellTag_Clone,,,,
,,,,TTCTGTATCTATTGTC-1,RPMA_clone_19,CellTag_Clone,,,,
,,,,TTGCGTCTCAAGCCGC-1,RPMA_clone_19,CellTag_Clone,,,,
,,,,TTTACTGAGAAATGGG-1,RPMA_clone_19,CellTag_Clone,,,,
,,,,TTTCCTCAGCTAGAGC-1,RPMA_clone_19,CellTag_Clone,,,,
,,,,AACCCAAGTGCAATGG-1,RPMA_clone_19,CellTag_Clone,,,,
,,,,AATCACGAGCGTGTTT-1,RPMA_clone_20,CellTag_Clone,,,,
,,,,ACATCCCTCTTTGGAG-1,RPMA_clone_20,CellTag_Clone,,,,
,,,,ACCACAAAGTCAAGCG-1,RPMA_clone_20,CellTag_Clone,,,,
,,,,ACGTACAGTTTCACAG-1,RPMA_clone_20,CellTag_Clone,,,,
,,,,AGAACAATCTAAACGC-1,RPMA_clone_20,CellTag_Clone,,,,
,,,,AGATGAAGTATCGATC-1,RPMA_clone_20,CellTag_Clone,,,,
,,,,AGCATCAGTTAAGTCC-1,RPMA_clone_20,CellTag_Clone,,,,
,,,,AGCGCTGGTGTTACAC-1,RPMA_clone_20,CellTag_Clone,,,,
,,,,AGTCTCCAGCCATATC-1,RPMA_clone_20,CellTag_Clone,,,,
,,,,ATCACTTAGAGGTATT-1,RPMA_clone_20,CellTag_Clone,,,,
,,,,ATCGATGCACACACGC-1,RPMA_clone_20,CellTag_Clone,,,,
,,,,ATCGGATCAACACAAA-1,RPMA_clone_20,CellTag_Clone,,,,
,,,,CAACCAACATGCCGCA-1,RPMA_clone_20,CellTag_Clone,,,,
,,,,CACAACAAGCCTCACG-1,RPMA_clone_20,CellTag_Clone,,,,
,,,,CACAGATGTTTCACTT-1,RPMA_clone_20,CellTag_Clone,,,,
,,,,CACCGTTCACATTCTT-1,RPMA_clone_20,CellTag_Clone,,,,
,,,,CACCGTTTCGGCTGAC-1,RPMA_clone_20,CellTag_Clone,,,,
,,,,CAGGCCATCAAAGGAT-1,RPMA_clone_20,CellTag_Clone,,,,
,,,,CCTCAACTCCATCTAT-1,RPMA_clone_20,CellTag_Clone,,,,
,,,,CCTTCAGAGAAACTCA-1,RPMA_clone_20,CellTag_Clone,,,,
,,,,CCTTCAGCAGCTGTAT-1,RPMA_clone_20,CellTag_Clone,,,,
,,,,CGAAGGACAAATCGTC-1,RPMA_clone_20,CellTag_Clone,,,,
,,,,CGGTCAGTCCTGGGTG-1,RPMA_clone_20,CellTag_Clone,,,,
,,,,CGGTCAGTCTCTATGT-1,RPMA_clone_20,CellTag_Clone,,,,
,,,,CTAAGTGAGCGTTACT-1,RPMA_clone_20,CellTag_Clone,,,,
,,,,CTGGCAGAGACCAAAT-1,RPMA_clone_20,CellTag_Clone,,,,
,,,,GACTTCCGTCCGACGT-1,RPMA_clone_20,CellTag_Clone,,,,
,,,,GAGTCATAGCGAGTAC-1,RPMA_clone_20,CellTag_Clone,,,,
,,,,GATCACACACGTAACT-1,RPMA_clone_20,CellTag_Clone,,,,
,,,,GCCATTCAGACTAGAT-1,RPMA_clone_20,CellTag_Clone,,,,
,,,,GGAATGGAGCCATTTG-1,RPMA_clone_20,CellTag_Clone,,,,
,,,,GGCAGTCTCTGGGATT-1,RPMA_clone_20,CellTag_Clone,,,,
,,,,GGGCCATTCGGAGTGA-1,RPMA_clone_20,CellTag_Clone,,,,
,,,,GTTAGTGGTTCCTACC-1,RPMA_clone_20,CellTag_Clone,,,,
,,,,GTTTACTTCTAGGCAT-1,RPMA_clone_20,CellTag_Clone,,,,
,,,,TACGGGCTCTAATTCC-1,RPMA_clone_20,CellTag_Clone,,,,
,,,,TAGACCAAGCGTCTGC-1,RPMA_clone_20,CellTag_Clone,,,,
,,,,TCAAGACAGGTGCCAA-1,RPMA_clone_20,CellTag_Clone,,,,
,,,,TCACACCAGTCGCCAC-1,RPMA_clone_20,CellTag_Clone,,,,
,,,,TCATCCGTCAAGAGGC-1,RPMA_clone_20,CellTag_Clone,,,,
,,,,TCCAGAATCGTAGAGG-1,RPMA_clone_20,CellTag_Clone,,,,
,,,,TGACAGTTCGCTGATA-1,RPMA_clone_20,CellTag_Clone,,,,
,,,,TGCACGGAGGCAGCTA-1,RPMA_clone_20,CellTag_Clone,,,,
,,,,TGCATGAAGCGAACTG-1,RPMA_clone_20,CellTag_Clone,,,,
,,,,TGCTCGTTCATGGCCG-1,RPMA_clone_20,CellTag_Clone,,,,
,,,,TTCCGGTCAAAGCTCT-1,RPMA_clone_20,CellTag_Clone,,,,
,,,,TTCCTAACATCACAGT-1,RPMA_clone_20,CellTag_Clone,,,,
,,,,TTCCTTCAGTTGCGCC-1,RPMA_clone_20,CellTag_Clone,,,,
,,,,TTGTTCACACAACATC-1,RPMA_clone_20,CellTag_Clone,,,,
,,,,TTTGACTCAGGGATAC-1,RPMA_clone_20,CellTag_Clone,,,,
,,,,AACCTTTGTGTCACAT-1,RPMA_clone_20,CellTag_Clone,,,,
,,,,AGACAGGGTCGCTGCA-1,RPMA_clone_23,CellTag_Clone,,,,
,,,,AGCCAATTCTTCCACG-1,RPMA_clone_23,CellTag_Clone,,,,
,,,,CACTTCGAGCCATTGT-1,RPMA_clone_23,CellTag_Clone,,,,
,,,,CATCAAGAGACAACAT-1,RPMA_clone_23,CellTag_Clone,,,,
,,,,CGGGTCATCGGTAAGG-1,RPMA_clone_23,CellTag_Clone,,,,
,,,,CTCCCTCCATGTCAGT-1,RPMA_clone_23,CellTag_Clone,,,,
,,,,GCAGCTGCATGTTCGA-1,RPMA_clone_23,CellTag_Clone,,,,
,,,,TAGCACAAGTTACGTC-1,RPMA_clone_23,CellTag_Clone,,,,
,,,,TAGTGCACAGCGTTGC-1,RPMA_clone_23,CellTag_Clone,,,,
,,,,TCAGTTTCACTAGGTT-1,RPMA_clone_23,CellTag_Clone,,,,
,,,,TCCTTCTAGCTTACGT-1,RPMA_clone_23,CellTag_Clone,,,,
,,,,TCGGGACAGGTATAGT-1,RPMA_clone_23,CellTag_Clone,,,,
,,,,TCTCACGTCCCTCTTT-1,RPMA_clone_23,CellTag_Clone,,,,
,,,,TTAGGGTCAGTTTGGT-1,RPMA_clone_23,CellTag_Clone,,,,
,,,,TTTCAGTAGCCGCACT-1,RPMA_clone_23,CellTag_Clone,,,,
,,,,TTTGATCCAGATGCGA-1,RPMA_clone_23,CellTag_Clone,,,,
,,,,AAGCCATCAAATAAGC-1,RPMA_clone_23,CellTag_Clone,,,,
,,,,ATAGACCCAACTGAAA-1,RPMA_clone_33,CellTag_Clone,,,,
,,,,CAGTTAGAGGCCTAGA-1,RPMA_clone_33,CellTag_Clone,,,,
,,,,CGCAGGTGTATACAGA-1,RPMA_clone_33,CellTag_Clone,,,,
,,,,CTTCGGTTCGGTCGGT-1,RPMA_clone_33,CellTag_Clone,,,,
,,,,GCAGGCTCAAGAGGCT-1,RPMA_clone_33,CellTag_Clone,,,,
,,,,GCCATGGAGACCAAGC-1,RPMA_clone_33,CellTag_Clone,,,,
,,,,GGTGAAGTCGATAACC-1,RPMA_clone_33,CellTag_Clone,,,,
,,,,TCTACATTCGTTCATT-1,RPMA_clone_33,CellTag_Clone,,,,
,,,,TCTCACGAGGCCGCTT-1,RPMA_clone_33,CellTag_Clone,,,,
,,,,ACCCTTGCAAGGACAC-1,RPMA_clone_33,CellTag_Clone,,,,
,,,,ACTATGGGTGGGCTCT-1,RPMA_clone_34,CellTag_Clone,,,,
,,,,AGAGAGCTCGCTCTCA-1,RPMA_clone_34,CellTag_Clone,,,,
,,,,AGAGCCCGTGCCTAAT-1,RPMA_clone_34,CellTag_Clone,,,,
,,,,AGGGAGTTCTCAAAGC-1,RPMA_clone_34,CellTag_Clone,,,,
,,,,CCTACGTTCAAGCCAT-1,RPMA_clone_34,CellTag_Clone,,,,
,,,,CTATCTACAATTCTTC-1,RPMA_clone_34,CellTag_Clone,,,,
,,,,CTCGAGGAGCTGGTGA-1,RPMA_clone_34,CellTag_Clone,,,,
,,,,GAGGCCTTCCTACCGT-1,RPMA_clone_34,CellTag_Clone,,,,
,,,,GATCAGTTCAACCCGG-1,RPMA_clone_34,CellTag_Clone,,,,
,,,,TGAGTCAGTTTCGACA-1,RPMA_clone_34,CellTag_Clone,,,,
,,,,TTCTTGAGTACATACC-1,RPMA_clone_34,CellTag_Clone,,,,
,,,,ACCTGTCCACGCAAAG-1,RPMA_clone_34,CellTag_Clone,,,,
,,,,AGCGCTGCATTCCTAT-1,RPMA_clone_36,CellTag_Clone,,,,
,,,,ATATCCTCATCGCCTT-1,RPMA_clone_36,CellTag_Clone,,,,
,,,,ATCACAGTCATCGACA-1,RPMA_clone_36,CellTag_Clone,,,,
,,,,ATTCAGGGTCAAGTTC-1,RPMA_clone_36,CellTag_Clone,,,,
,,,,CAACAACTCGGCTCTT-1,RPMA_clone_36,CellTag_Clone,,,,
,,,,CAATGACGTAGGATAT-1,RPMA_clone_36,CellTag_Clone,,,,
,,,,CACCAAACAAATCCCA-1,RPMA_clone_36,CellTag_Clone,,,,
,,,,CAGGTATAGCGTTACT-1,RPMA_clone_36,CellTag_Clone,,,,
,,,,CCACAAACATGTCAGT-1,RPMA_clone_36,CellTag_Clone,,,,
,,,,CCACACTGTCACAGAG-1,RPMA_clone_36,CellTag_Clone,,,,
,,,,CTCCTCCCACTAGTAC-1,RPMA_clone_36,CellTag_Clone,,,,
,,,,CTGCCATTCCAGTGTA-1,RPMA_clone_36,CellTag_Clone,,,,
,,,,CTGGCAGCAATTTCTC-1,RPMA_clone_36,CellTag_Clone,,,,
,,,,GAAGCCCCAGAGCGTA-1,RPMA_clone_36,CellTag_Clone,,,,
,,,,GAATCGTGTCAATGGG-1,RPMA_clone_36,CellTag_Clone,,,,
,,,,GATAGCTCACCGTGCA-1,RPMA_clone_36,CellTag_Clone,,,,
,,,,GTCATTTCAATGTGGG-1,RPMA_clone_36,CellTag_Clone,,,,
,,,,GTTATGGTCCAGTTCC-1,RPMA_clone_36,CellTag_Clone,,,,
,,,,GTTGCGGCAACCGACC-1,RPMA_clone_36,CellTag_Clone,,,,
,,,,TACACCCCAGTCAGCC-1,RPMA_clone_36,CellTag_Clone,,,,
,,,,TCATTTGTCCCGGTAG-1,RPMA_clone_36,CellTag_Clone,,,,
,,,,TCTTAGTAGTCTGTAC-1,RPMA_clone_36,CellTag_Clone,,,,
,,,,TTACGTTGTGTATTCG-1,RPMA_clone_36,CellTag_Clone,,,,
,,,,ACTGCAAGTCTCCCTA-1,RPMA_clone_36,CellTag_Clone,,,,
,,,,ATGATCGCAGGACTTT-1,RPMA_clone_37,CellTag_Clone,,,,
,,,,CAGAGCCGTTTACCAG-1,RPMA_clone_37,CellTag_Clone,,,,
,,,,CCTCCAACAGTTTGGT-1,RPMA_clone_37,CellTag_Clone,,,,
,,,,CTCCAACAGGAACGTC-1,RPMA_clone_37,CellTag_Clone,,,,
,,,,GGGTTATGTCCGGATC-1,RPMA_clone_37,CellTag_Clone,,,,
,,,,TACACCCGTTCTCTAT-1,RPMA_clone_37,CellTag_Clone,,,,
,,,,TGAGGAGAGACTCATC-1,RPMA_clone_37,CellTag_Clone,,,,
,,,,TTGCATTTCAAGAGGC-1,RPMA_clone_37,CellTag_Clone,,,,
,,,,TTGTTTGAGCTTTCTT-1,RPMA_clone_37,CellTag_Clone,,,,
,,,,ACTTAGGGTGGCTACC-1,RPMA_clone_37,CellTag_Clone,,,,
,,,,ATTCGTTGTCTAGTGT-1,RPMA_clone_40,CellTag_Clone,,,,
,,,,CAAGGGACAACTGCTA-1,RPMA_clone_40,CellTag_Clone,,,,
,,,,CATCGTCCACCCTTAC-1,RPMA_clone_40,CellTag_Clone,,,,
,,,,CTAGACATCCAGCACG-1,RPMA_clone_40,CellTag_Clone,,,,
,,,,GAAGCGAAGTGTGTTC-1,RPMA_clone_40,CellTag_Clone,,,,
,,,,GATTTCTTCGGCTTGG-1,RPMA_clone_40,CellTag_Clone,,,,
,,,,GTGTTAGTCTCGTGAA-1,RPMA_clone_40,CellTag_Clone,,,,
,,,,TAGACTGGTACTCAAC-1,RPMA_clone_40,CellTag_Clone,,,,
,,,,TCATTGTGTGATCGTT-1,RPMA_clone_40,CellTag_Clone,,,,
,,,,TCATTTGGTTCCACGG-1,RPMA_clone_40,CellTag_Clone,,,,
,,,,TTCCTAATCAAGTCGT-1,RPMA_clone_40,CellTag_Clone,,,,
,,,,TTCTTCCAGGTCGAGT-1,RPMA_clone_40,CellTag_Clone,,,,
,,,,AGACACTCAGACCTAT-1,RPMA_clone_40,CellTag_Clone,,,,
,,,,AGGATCTCATAACCCA-1,RPMA_clone_42,CellTag_Clone,,,,
,,,,ATCGTCCAGATACTGA-1,RPMA_clone_42,CellTag_Clone,,,,
,,,,ATCTCTACAGGAATAT-1,RPMA_clone_42,CellTag_Clone,,,,
,,,,CATACAGAGGCTCTCG-1,RPMA_clone_42,CellTag_Clone,,,,
,,,,CATTGCCCAGGAGGTT-1,RPMA_clone_42,CellTag_Clone,,,,
,,,,CCCTTAGCACAAATGA-1,RPMA_clone_42,CellTag_Clone,,,,
,,,,GACTTCCCATTACTCT-1,RPMA_clone_42,CellTag_Clone,,,,
,,,,GGAGGATGTGCATCTA-1,RPMA_clone_42,CellTag_Clone,,,,
,,,,TCAGGGCCACAAGCAG-1,RPMA_clone_42,CellTag_Clone,,,,
,,,,TCGTAGAGTATCAGGG-1,RPMA_clone_42,CellTag_Clone,,,,
,,,,TTCGATTCAAATTAGG-1,RPMA_clone_42,CellTag_Clone,,,,
,,,,TTTGATCTCACCTCGT-1,RPMA_clone_42,CellTag_Clone,,,,
,,,,AGACTCAAGAGCCTGA-1,RPMA_clone_42,CellTag_Clone,,,,